{
  "n_items": 6002,
  "item_accuracy": 0.6501166277907364,
  "item_mean_delta": 1.0198019517735217,
  "n_families": 2002,
  "family_all_correct_accuracy_all_families": 0.32017982017982016,
  "family_all_correct_accuracy_multi_item_families": 0.3195,
  "item_accuracy_crit": 0.6184605131622792,
  "item_mean_delta_crit": 0.6379607644568916,
  "family_all_correct_accuracy_all_families_crit": 0.23926073926073926,
  "family_all_correct_accuracy_multi_item_families_crit": 0.2385
}
