model,run_prefix,n_items,item_accuracy,item_mean_delta,n_families,family_all_correct_accuracy_all_families,family_all_correct_accuracy_multi_item_families,item_accuracy_crit,item_mean_delta_crit,family_all_correct_accuracy_all_families_crit,family_all_correct_accuracy_multi_item_families_crit
llama31_70b,scores.llama31_70b.ce2fam_v0.7_nf2000.crit.deltaai,6002,0.6119626791069643,0.5219180886644555,2002,0.3046953046953047,0.304,0.6406197934021993,0.6247324906997147,0.2627372627372627,0.262
pythia410,scores.pythia410.ce2fam_v0.7_nf2000.crit.deltaai,6002,0.6106297900699766,0.36208566464173403,2002,0.25874125874125875,0.258,0.6134621792735755,0.38836995334237545,0.22277722277722278,0.222
qwen25_14b,scores.qwen25_14b.ce2fam_v0.7_nf2000.crit.deltaai,6002,0.589303565478174,0.44915239320759454,2002,0.2707292707292707,0.27,0.586804398533822,0.4669990469637969,0.2162837162837163,0.2155
qwen25_32b,scores.qwen25_32b.ce2fam_v0.7_nf2000.crit.deltaai,6002,0.6501166277907364,1.0198019517735217,2002,0.32017982017982016,0.3195,0.6184605131622792,0.6379607644568916,0.23926073926073926,0.2385
qwen25_72b,scores.qwen25_72b.ce2fam_v0.7_nf2000.crit.deltaai,6002,0.5783072309230256,0.5781954296109518,2002,0.26323676323676326,0.2625,0.6269576807730757,0.6220703373667161,0.23376623376623376,0.233
